Frame,ID,Zone,State,Score
1,-1,BACK,SITTING,1.0
2,-1,BACK,SITTING,1.0
3,-1,BACK,SITTING,1.0
4,-1,BACK,SITTING,1.0
5,-1,BACK,SITTING,1.0
6,-1,BACK,SITTING,1.0
7,-1,BACK,SITTING,1.0
8,-1,BACK,SITTING,1.0
9,-1,BACK,SITTING,1.0
10,-1,BACK,SITTING,1.0
11,-1,BACK,SITTING,1.0
12,-1,BACK,SITTING,1.0
13,-1,BACK,SITTING,1.0
14,-1,BACK,SITTING,1.0
15,-1,BACK,SITTING,1.0
16,-1,BACK,STANDING,1.0
17,-1,BACK,STANDING,1.0
18,-1,BACK,STANDING,1.0
19,-1,BACK,STANDING,1.0
20,-1,BACK,STANDING,1.0
21,-1,BACK,STANDING,1.0
22,-1,BACK,STANDING,1.0
23,-1,BACK,STANDING,1.0
24,-1,BACK,STANDING,1.0
25,-1,BACK,STANDING,1.0
26,-1,BACK,STANDING,1.0
27,-1,BACK,STANDING,1.0
28,-1,BACK,STANDING,1.0
29,-1,BACK,STANDING,1.0
30,-1,BACK,STANDING,1.0
31,-1,BACK,SITTING,1.0
32,-1,BACK,SITTING,1.0
33,-1,BACK,SITTING,1.0
34,-1,BACK,SITTING,1.0
35,-1,BACK,SITTING,1.0
36,-1,BACK,SITTING,1.0
37,-1,BACK,SITTING,1.0
38,-1,BACK,STANDING,1.0
39,-1,BACK,SITTING,1.0
40,-1,BACK,SITTING,1.0
41,-1,BACK,SITTING,1.0
42,-1,BACK,SITTING,1.0
43,-1,BACK,SITTING,1.0
44,-1,BACK,STANDING,1.0
45,-1,BACK,STANDING,1.0
46,-1,BACK,STANDING,1.0
47,-1,BACK,STANDING,1.0
48,-1,BACK,STANDING,1.0
49,-1,BACK,STANDING,1.0
50,-1,BACK,STANDING,1.0
51,-1,BACK,STANDING,1.0
52,-1,BACK,STANDING,1.0
53,-1,BACK,STANDING,1.0
54,-1,BACK,STANDING,1.0
55,-1,BACK,STANDING,1.0
56,-1,BACK,STANDING,1.0
57,-1,BACK,STANDING,1.0
58,-1,BACK,STANDING,1.0
59,-1,BACK,STANDING,1.0
60,-1,BACK,STANDING,1.0
61,-1,BACK,STANDING,1.0
62,-1,BACK,STANDING,1.0
63,-1,BACK,STANDING,1.0
64,-1,BACK,STANDING,1.0
65,-1,BACK,STANDING,1.0
66,-1,BACK,STANDING,1.0
67,-1,BACK,STANDING,1.0
68,-1,BACK,STANDING,1.0
69,-1,BACK,STANDING,1.0
70,-1,BACK,STANDING,1.0
71,-1,BACK,STANDING,1.0
72,-1,BACK,STANDING,1.0
73,-1,BACK,STANDING,1.0
74,-1,BACK,SITTING,1.0
75,-1,BACK,SITTING,1.0
76,-1,BACK,STANDING,1.0
77,-1,BACK,STANDING,1.0
78,-1,BACK,STANDING,1.0
79,-1,BACK,STANDING,1.0
80,-1,BACK,STANDING,1.0
81,-1,BACK,STANDING,1.0
82,-1,BACK,SITTING,1.0
83,-1,BACK,STANDING,1.0
84,-1,BACK,STANDING,1.0
85,-1,BACK,STANDING,1.0
86,-1,BACK,STANDING,1.0
87,-1,BACK,STANDING,1.0
88,-1,BACK,STANDING,1.0
89,-1,BACK,STANDING,1.0
90,-1,BACK,STANDING,1.0
91,-1,BACK,SITTING,1.0
92,-1,BACK,SITTING,1.0
93,-1,BACK,SITTING,1.0
94,-1,BACK,SITTING,1.0
95,-1,BACK,STANDING,1.0
96,-1,BACK,STANDING,1.0
97,-1,BACK,STANDING,1.0
98,-1,BACK,STANDING,1.0
99,-1,BACK,STANDING,1.0
100,-1,BACK,STANDING,1.0
101,-1,BACK,STANDING,1.0
102,-1,BACK,STANDING,1.0
103,-1,BACK,STANDING,1.0
104,-1,BACK,SITTING,1.0
105,-1,BACK,STANDING,1.0
106,-1,BACK,SITTING,1.0
107,-1,FRONT,SITTING,1.0
108,-1,BACK,SITTING,1.0
109,-1,BACK,SITTING,1.0
110,-1,BACK,STANDING,1.0
111,-1,BACK,STANDING,1.0
112,-1,BACK,STANDING,1.0
113,-1,BACK,SITTING,1.0
114,-1,BACK,SITTING,1.0
115,-1,BACK,SITTING,1.0
116,-1,BACK,SITTING,1.0
117,-1,BACK,SITTING,1.0
118,-1,BACK,SITTING,1.0
119,-1,BACK,SITTING,1.0
120,-1,BACK,SITTING,1.0
121,-1,BACK,STANDING,1.0
122,-1,BACK,SITTING,1.0
123,-1,BACK,SITTING,1.0
124,-1,BACK,STANDING,1.0
125,-1,BACK,STANDING,1.0
126,-1,BACK,STANDING,1.0
127,-1,BACK,STANDING,1.0
128,-1,BACK,STANDING,1.0
129,-1,BACK,STANDING,1.0
130,-1,BACK,STANDING,1.0
131,-1,BACK,STANDING,1.0
132,-1,BACK,STANDING,1.0
133,-1,BACK,STANDING,1.0
134,-1,BACK,STANDING,1.0
135,-1,BACK,SITTING,1.0
136,-1,BACK,SITTING,1.0
137,-1,BACK,SITTING,1.0
138,-1,BACK,SITTING,1.0
139,-1,BACK,SITTING,1.0
140,-1,BACK,SITTING,1.0
141,-1,BACK,SITTING,1.0
142,-1,BACK,SITTING,1.0
143,-1,BACK,SITTING,1.0
144,-1,BACK,SITTING,1.0
145,-1,BACK,SITTING,1.0
146,-1,BACK,SITTING,1.0
147,-1,BACK,SITTING,1.0
148,-1,BACK,SITTING,1.0
149,-1,BACK,SITTING,1.0
150,-1,BACK,SITTING,1.0
151,-1,BACK,STANDING,1.0
152,-1,BACK,SITTING,1.0
153,-1,BACK,SITTING,1.0
154,-1,BACK,SITTING,1.0
155,-1,BACK,SITTING,1.0
156,-1,BACK,SITTING,1.0
157,-1,BACK,SITTING,1.0
158,-1,BACK,SITTING,1.0
159,-1,BACK,SITTING,1.0
160,-1,BACK,SITTING,1.0
161,-1,BACK,SITTING,1.0
162,-1,BACK,SITTING,1.0
163,-1,BACK,SITTING,1.0
164,-1,BACK,SITTING,1.0
165,-1,BACK,SITTING,1.0
166,-1,BACK,STANDING,1.0
167,-1,BACK,STANDING,1.0
168,-1,BACK,STANDING,1.0
169,-1,BACK,STANDING,1.0
170,-1,BACK,STANDING,1.0
171,-1,BACK,STANDING,1.0
172,-1,BACK,STANDING,1.0
173,-1,BACK,SITTING,1.0
174,-1,BACK,SITTING,1.0
175,-1,BACK,SITTING,1.0
176,-1,BACK,SITTING,1.0
177,-1,BACK,SITTING,1.0
178,-1,BACK,SITTING,1.0
179,-1,BACK,SITTING,1.0
180,-1,BACK,SITTING,1.0
181,-1,BACK,STANDING,1.0
182,-1,BACK,STANDING,1.0
183,-1,BACK,STANDING,1.0
184,-1,BACK,STANDING,1.0
185,-1,BACK,STANDING,1.0
186,-1,BACK,STANDING,1.0
187,-1,BACK,STANDING,1.0
188,-1,BACK,STANDING,1.0
189,-1,BACK,STANDING,1.0
190,-1,BACK,STANDING,1.0
191,-1,BACK,STANDING,1.0
192,-1,BACK,STANDING,1.0
193,-1,BACK,STANDING,1.0
194,-1,BACK,STANDING,1.0
195,-1,BACK,STANDING,1.0
196,-1,BACK,SITTING,1.0
197,-1,BACK,SITTING,1.0
198,-1,BACK,SITTING,1.0
199,-1,BACK,SITTING,1.0
200,-1,BACK,STANDING,1.0
201,-1,BACK,STANDING,1.0
202,-1,BACK,SITTING,1.0
203,-1,FRONT,SITTING,1.0
204,-1,BACK,SITTING,1.0
205,-1,BACK,SITTING,1.0
206,-1,BACK,STANDING,1.0
207,-1,BACK,STANDING,1.0
208,-1,BACK,STANDING,1.0
209,-1,BACK,STANDING,1.0
210,-1,BACK,STANDING,1.0
211,-1,BACK,SITTING,1.0
212,-1,BACK,SITTING,1.0
213,-1,BACK,SITTING,1.0
214,-1,BACK,SITTING,1.0
215,-1,BACK,SITTING,1.0
216,-1,BACK,SITTING,1.0
217,-1,BACK,SITTING,1.0
218,-1,BACK,SITTING,1.0
219,-1,BACK,SITTING,1.0
220,-1,BACK,SITTING,1.0
221,-1,BACK,SITTING,1.0
222,-1,BACK,SITTING,1.0
223,-1,BACK,SITTING,1.0
224,-1,BACK,SITTING,1.0
225,-1,BACK,SITTING,1.0
226,-1,FRONT,SITTING,1.0
227,-1,BACK,SITTING,1.0
228,-1,BACK,SITTING,1.0
229,-1,FRONT,SITTING,1.0
230,-1,FRONT,SITTING,1.0
231,-1,FRONT,SITTING,1.0
232,-1,FRONT,SITTING,1.0
233,-1,FRONT,SITTING,1.0
234,-1,FRONT,SITTING,1.0
235,-1,FRONT,SITTING,1.0
236,-1,BACK,STANDING,1.0
237,-1,BACK,SITTING,1.0
238,-1,BACK,STANDING,1.0
239,-1,BACK,STANDING,1.0
240,-1,BACK,STANDING,1.0
241,-1,BACK,STANDING,1.0
242,-1,BACK,STANDING,1.0
243,-1,BACK,STANDING,1.0
244,-1,BACK,STANDING,1.0
245,-1,BACK,STANDING,1.0
246,-1,BACK,STANDING,1.0
247,-1,BACK,STANDING,1.0
248,-1,BACK,STANDING,1.0
249,-1,BACK,STANDING,1.0
250,-1,BACK,STANDING,1.0
251,-1,BACK,STANDING,1.0
252,-1,BACK,STANDING,1.0
253,-1,BACK,STANDING,1.0
254,-1,BACK,STANDING,1.0
255,-1,BACK,STANDING,1.0
256,-1,BACK,SITTING,1.0
257,-1,BACK,STANDING,1.0
258,-1,BACK,STANDING,1.0
259,-1,BACK,STANDING,1.0
260,-1,BACK,STANDING,1.0
261,-1,BACK,STANDING,1.0
262,-1,BACK,STANDING,1.0
263,-1,BACK,STANDING,1.0
264,-1,BACK,STANDING,1.0
265,-1,BACK,STANDING,1.0
266,-1,BACK,STANDING,1.0
267,-1,BACK,STANDING,1.0
268,-1,BACK,STANDING,1.0
269,-1,BACK,STANDING,1.0
270,-1,BACK,STANDING,1.0
271,-1,BACK,STANDING,1.0
272,-1,BACK,STANDING,1.0
273,-1,BACK,STANDING,1.0
274,-1,BACK,STANDING,1.0
275,-1,BACK,STANDING,1.0
276,-1,BACK,STANDING,1.0
277,-1,BACK,STANDING,1.0
278,-1,BACK,STANDING,1.0
279,-1,BACK,STANDING,1.0
280,-1,BACK,STANDING,1.0
281,-1,BACK,STANDING,1.0
282,-1,BACK,STANDING,1.0
283,-1,BACK,STANDING,1.0
284,-1,BACK,STANDING,1.0
285,-1,BACK,STANDING,1.0
286,-1,BACK,STANDING,1.0
287,-1,BACK,STANDING,1.0
288,-1,BACK,STANDING,1.0
289,-1,BACK,STANDING,1.0
290,-1,BACK,STANDING,1.0
291,-1,BACK,STANDING,1.0
292,-1,BACK,STANDING,1.0
293,-1,BACK,STANDING,1.0
294,-1,BACK,STANDING,1.0
295,-1,BACK,STANDING,1.0
296,-1,BACK,STANDING,1.0
297,-1,BACK,STANDING,1.0
298,-1,BACK,STANDING,1.0
299,-1,BACK,STANDING,1.0
300,-1,BACK,STANDING,1.0
301,-1,BACK,STANDING,1.0
302,-1,BACK,STANDING,1.0
303,-1,BACK,STANDING,1.0
304,-1,BACK,STANDING,1.0
305,-1,BACK,STANDING,1.0
306,-1,BACK,STANDING,1.0
307,-1,BACK,STANDING,1.0
308,-1,BACK,STANDING,1.0
309,-1,BACK,STANDING,1.0
310,-1,BACK,STANDING,1.0
311,-1,BACK,STANDING,1.0
312,-1,BACK,STANDING,1.0
313,-1,BACK,STANDING,1.0
314,-1,BACK,STANDING,1.0
315,-1,BACK,STANDING,1.0
316,-1,BACK,STANDING,1.0
317,-1,BACK,STANDING,1.0
318,-1,BACK,STANDING,1.0
319,-1,BACK,STANDING,1.0
320,-1,BACK,STANDING,1.0
321,-1,BACK,STANDING,1.0
322,-1,BACK,STANDING,1.0
323,-1,BACK,STANDING,1.0
324,-1,BACK,STANDING,1.0
325,-1,BACK,STANDING,1.0
326,-1,BACK,STANDING,1.0
327,-1,BACK,STANDING,1.0
328,-1,BACK,STANDING,1.0
329,-1,BACK,STANDING,1.0
330,-1,BACK,STANDING,1.0
331,-1,BACK,STANDING,1.0
332,-1,BACK,STANDING,1.0
333,-1,BACK,STANDING,1.0
334,-1,BACK,STANDING,1.0
335,-1,BACK,STANDING,1.0
336,-1,BACK,STANDING,1.0
337,-1,BACK,STANDING,1.0
338,-1,BACK,STANDING,1.0
339,-1,BACK,STANDING,1.0
340,-1,BACK,STANDING,1.0
341,-1,BACK,STANDING,1.0
342,-1,BACK,STANDING,1.0
343,-1,BACK,STANDING,1.0
344,-1,BACK,STANDING,1.0
345,-1,BACK,STANDING,1.0
346,-1,BACK,STANDING,1.0
347,-1,BACK,STANDING,1.0
348,-1,BACK,STANDING,1.0
349,-1,BACK,STANDING,1.0
350,-1,BACK,STANDING,1.0
351,-1,BACK,STANDING,1.0
352,-1,BACK,STANDING,1.0
353,-1,BACK,STANDING,1.0
354,-1,BACK,STANDING,1.0
355,-1,BACK,STANDING,1.0
356,-1,BACK,STANDING,1.0
357,-1,BACK,STANDING,1.0
358,-1,BACK,STANDING,1.0
359,-1,BACK,SITTING,1.0
360,-1,BACK,STANDING,1.0
361,-1,BACK,STANDING,1.0
362,-1,BACK,STANDING,1.0
363,-1,BACK,STANDING,1.0
364,-1,BACK,STANDING,1.0
365,-1,BACK,STANDING,1.0
366,-1,BACK,STANDING,1.0
367,-1,BACK,STANDING,1.0
368,-1,BACK,STANDING,1.0
369,-1,BACK,STANDING,1.0
370,-1,BACK,STANDING,1.0
371,-1,BACK,STANDING,1.0
372,-1,BACK,SITTING,1.0
373,-1,BACK,STANDING,1.0
374,-1,BACK,STANDING,1.0
375,-1,BACK,STANDING,1.0
376,-1,BACK,SITTING,1.0
377,-1,BACK,STANDING,1.0
378,-1,BACK,STANDING,1.0
379,-1,BACK,STANDING,1.0
380,-1,BACK,STANDING,1.0
381,-1,BACK,SITTING,1.0
382,-1,BACK,STANDING,1.0
383,-1,BACK,STANDING,1.0
384,-1,BACK,SITTING,1.0
385,-1,BACK,SITTING,1.0
386,-1,BACK,SITTING,1.0
387,-1,BACK,SITTING,1.0
388,-1,BACK,SITTING,1.0
389,-1,BACK,SITTING,1.0
390,-1,BACK,STANDING,1.0
391,-1,BACK,SITTING,1.0
392,-1,BACK,STANDING,1.0
393,-1,BACK,STANDING,1.0
394,-1,BACK,SITTING,1.0
395,-1,BACK,SITTING,1.0
396,-1,BACK,SITTING,1.0
397,-1,BACK,SITTING,1.0
398,-1,BACK,SITTING,1.0
399,-1,BACK,SITTING,1.0
400,-1,BACK,SITTING,1.0
401,-1,BACK,SITTING,1.0
402,-1,BACK,STANDING,1.0
403,-1,BACK,SITTING,1.0
404,-1,BACK,SITTING,1.0
405,-1,BACK,SITTING,1.0
406,-1,BACK,STANDING,1.0
407,-1,BACK,STANDING,1.0
408,-1,BACK,STANDING,1.0
409,-1,BACK,STANDING,1.0
410,-1,BACK,STANDING,1.0
411,-1,BACK,STANDING,1.0
412,-1,BACK,STANDING,1.0
413,-1,BACK,STANDING,1.0
414,-1,BACK,STANDING,1.0
415,-1,BACK,STANDING,1.0
416,-1,BACK,STANDING,1.0
417,-1,BACK,STANDING,1.0
418,-1,BACK,STANDING,1.0
419,-1,BACK,STANDING,1.0
420,-1,BACK,STANDING,1.0
421,-1,BACK,SITTING,1.0
422,-1,BACK,SITTING,1.0
423,-1,BACK,SITTING,1.0
424,-1,BACK,STANDING,1.0
425,-1,BACK,STANDING,1.0
426,-1,BACK,STANDING,1.0
427,-1,BACK,STANDING,1.0
428,-1,BACK,STANDING,1.0
429,-1,BACK,STANDING,1.0
430,-1,BACK,STANDING,1.0
431,-1,BACK,STANDING,1.0
432,-1,BACK,STANDING,1.0
433,-1,BACK,STANDING,1.0
434,-1,BACK,STANDING,1.0
435,-1,BACK,STANDING,1.0
436,-1,BACK,STANDING,1.0
437,-1,BACK,STANDING,1.0
438,-1,BACK,SITTING,1.0
439,-1,BACK,STANDING,1.0
440,-1,BACK,SITTING,1.0
441,-1,BACK,SITTING,1.0
442,-1,BACK,SITTING,1.0
443,-1,BACK,SITTING,1.0
444,-1,BACK,SITTING,1.0
445,-1,BACK,SITTING,1.0
446,-1,BACK,SITTING,1.0
447,-1,BACK,SITTING,1.0
448,-1,BACK,SITTING,1.0
449,-1,BACK,SITTING,1.0
450,-1,BACK,SITTING,1.0
451,-1,FRONT,SITTING,1.0
452,-1,BACK,SITTING,1.0
453,-1,FRONT,SITTING,1.0
454,-1,BACK,SITTING,1.0
455,-1,BACK,SITTING,1.0
456,-1,BACK,SITTING,1.0
457,-1,BACK,SITTING,1.0
458,-1,BACK,SITTING,1.0
459,-1,BACK,SITTING,1.0
460,-1,BACK,SITTING,1.0
461,-1,BACK,SITTING,1.0
462,-1,BACK,SITTING,1.0
463,-1,BACK,SITTING,1.0
464,-1,BACK,SITTING,1.0
465,-1,BACK,SITTING,1.0
466,-1,BACK,SITTING,1.0
467,-1,BACK,SITTING,1.0
468,-1,BACK,SITTING,1.0
469,-1,BACK,SITTING,1.0
470,-1,BACK,SITTING,1.0
471,-1,BACK,SITTING,1.0
472,-1,FRONT,SITTING,1.0
473,-1,BACK,SITTING,1.0
474,-1,BACK,SITTING,1.0
475,-1,BACK,STANDING,1.0
476,-1,BACK,SITTING,1.0
477,-1,BACK,SITTING,1.0
478,-1,BACK,SITTING,1.0
479,-1,BACK,SITTING,1.0
480,-1,BACK,SITTING,1.0
481,-1,BACK,STANDING,1.0
482,-1,BACK,SITTING,1.0
483,-1,BACK,SITTING,1.0
484,-1,BACK,SITTING,1.0
485,-1,BACK,SITTING,1.0
486,-1,BACK,SITTING,1.0
487,-1,BACK,SITTING,1.0
488,-1,BACK,SITTING,1.0
489,-1,BACK,SITTING,1.0
490,-1,BACK,SITTING,1.0
491,-1,BACK,SITTING,1.0
492,-1,BACK,SITTING,1.0
493,-1,BACK,SITTING,1.0
494,-1,FRONT,SITTING,1.0
495,-1,FRONT,SITTING,1.0
496,-1,BACK,SITTING,1.0
497,-1,BACK,SITTING,1.0
498,-1,BACK,SITTING,1.0
499,-1,BACK,SITTING,1.0
500,-1,BACK,SITTING,1.0
501,-1,BACK,SITTING,1.0
502,-1,BACK,SITTING,1.0
503,-1,BACK,SITTING,1.0
504,-1,FRONT,SITTING,1.0
505,-1,FRONT,SITTING,1.0
506,-1,BACK,SITTING,1.0
507,-1,BACK,SITTING,1.0
508,-1,BACK,SITTING,1.0
509,-1,BACK,SITTING,1.0
510,-1,BACK,SITTING,1.0
511,-1,FRONT,SITTING,1.0
512,-1,BACK,SITTING,1.0
513,-1,BACK,SITTING,1.0
514,-1,BACK,SITTING,1.0
515,-1,FRONT,SITTING,1.0
516,-1,FRONT,SITTING,1.0
517,-1,FRONT,SITTING,1.0
518,-1,FRONT,SITTING,1.0
519,-1,FRONT,SITTING,1.0
520,-1,BACK,SITTING,1.0
521,-1,BACK,SITTING,1.0
522,-1,BACK,SITTING,1.0
523,-1,FRONT,SITTING,1.0
524,-1,FRONT,SITTING,1.0
525,-1,FRONT,SITTING,1.0
526,-1,BACK,SITTING,1.0
527,-1,BACK,SITTING,1.0
528,-1,BACK,SITTING,1.0
529,-1,BACK,STANDING,1.0
530,-1,BACK,STANDING,1.0
531,-1,BACK,STANDING,1.0
532,-1,BACK,STANDING,1.0
533,-1,BACK,STANDING,1.0
534,-1,BACK,SITTING,1.0
535,-1,BACK,SITTING,1.0
536,-1,FRONT,SITTING,1.0
537,-1,FRONT,SITTING,1.0
538,-1,BACK,SITTING,1.0
539,-1,FRONT,SITTING,1.0
540,-1,BACK,SITTING,1.0
541,-1,BACK,SITTING,1.0
542,-1,BACK,SITTING,1.0
543,-1,BACK,SITTING,1.0
544,-1,FRONT,SITTING,1.0
545,-1,FRONT,SITTING,1.0
546,-1,FRONT,SITTING,1.0
547,-1,FRONT,SITTING,1.0
548,-1,FRONT,SITTING,1.0
549,-1,FRONT,SITTING,1.0
550,-1,FRONT,SITTING,1.0
551,-1,BACK,STANDING,1.0
552,-1,BACK,STANDING,1.0
553,-1,BACK,STANDING,1.0
554,-1,BACK,STANDING,1.0
555,-1,BACK,STANDING,1.0
556,-1,BACK,STANDING,1.0
557,-1,BACK,STANDING,1.0
558,-1,BACK,STANDING,1.0
559,-1,BACK,STANDING,1.0
560,-1,BACK,STANDING,1.0
561,-1,BACK,STANDING,1.0
562,-1,BACK,STANDING,1.0
563,-1,BACK,STANDING,1.0
564,-1,BACK,STANDING,1.0
565,-1,BACK,STANDING,1.0
566,-1,BACK,STANDING,1.0
567,-1,BACK,STANDING,1.0
568,-1,BACK,STANDING,1.0
569,-1,BACK,STANDING,1.0
570,-1,BACK,STANDING,1.0
571,-1,BACK,STANDING,1.0
572,-1,BACK,STANDING,1.0
573,-1,BACK,STANDING,1.0
574,-1,BACK,STANDING,1.0
575,-1,BACK,SITTING,1.0
576,-1,BACK,STANDING,1.0
577,-1,BACK,SITTING,1.0
578,-1,BACK,SITTING,1.0
579,-1,BACK,SITTING,1.0
580,-1,BACK,STANDING,1.0
581,-1,BACK,STANDING,1.0
582,-1,BACK,STANDING,1.0
583,-1,BACK,STANDING,1.0
584,-1,BACK,STANDING,1.0
585,-1,BACK,STANDING,1.0
586,-1,BACK,STANDING,1.0
587,-1,BACK,STANDING,1.0
588,-1,BACK,STANDING,1.0
589,-1,BACK,STANDING,1.0
590,-1,BACK,STANDING,1.0
591,-1,BACK,STANDING,1.0
592,-1,BACK,STANDING,1.0
593,-1,BACK,STANDING,1.0
594,-1,BACK,STANDING,1.0
595,-1,BACK,STANDING,1.0
596,-1,BACK,STANDING,1.0
597,-1,BACK,STANDING,1.0
598,-1,BACK,STANDING,1.0
599,-1,BACK,SITTING,1.0
600,-1,BACK,SITTING,1.0
601,-1,BACK,SITTING,1.0
602,-1,BACK,SITTING,1.0
603,-1,BACK,SITTING,1.0
604,-1,BACK,SITTING,1.0
605,-1,BACK,SITTING,1.0
606,-1,BACK,SITTING,1.0
607,-1,BACK,SITTING,1.0
608,-1,BACK,SITTING,1.0
609,-1,BACK,SITTING,1.0
610,-1,BACK,STANDING,1.0
611,-1,BACK,SITTING,1.0
612,-1,BACK,SITTING,1.0
613,-1,BACK,STANDING,1.0
614,-1,BACK,STANDING,1.0
615,-1,BACK,STANDING,1.0
616,-1,BACK,STANDING,1.0
617,-1,BACK,STANDING,1.0
618,-1,BACK,STANDING,1.0
619,-1,BACK,STANDING,1.0
620,-1,BACK,STANDING,1.0
621,-1,BACK,STANDING,1.0
622,-1,BACK,STANDING,1.0
623,-1,BACK,STANDING,1.0
624,-1,BACK,STANDING,1.0
625,-1,BACK,SITTING,1.0
626,-1,BACK,STANDING,1.0
627,-1,BACK,STANDING,1.0
628,-1,BACK,STANDING,1.0
629,-1,BACK,STANDING,1.0
630,-1,BACK,STANDING,1.0
631,-1,BACK,SITTING,1.0
632,-1,BACK,STANDING,1.0
633,-1,BACK,STANDING,1.0
634,-1,BACK,STANDING,1.0
635,-1,BACK,SITTING,1.0
636,-1,BACK,SITTING,1.0
637,-1,BACK,STANDING,1.0
638,-1,BACK,STANDING,1.0
639,-1,BACK,STANDING,1.0
640,-1,BACK,STANDING,1.0
641,-1,BACK,STANDING,1.0
642,-1,BACK,STANDING,1.0
643,-1,BACK,STANDING,1.0
644,-1,BACK,STANDING,1.0
645,-1,BACK,STANDING,1.0
646,-1,BACK,STANDING,1.0
647,-1,BACK,STANDING,1.0
648,-1,BACK,STANDING,1.0
649,-1,BACK,STANDING,1.0
650,-1,BACK,STANDING,1.0
651,-1,BACK,STANDING,1.0
652,-1,BACK,STANDING,1.0
653,-1,BACK,SITTING,1.0
654,-1,BACK,SITTING,1.0
655,-1,BACK,STANDING,1.0
656,-1,BACK,STANDING,1.0
657,-1,BACK,STANDING,1.0
658,-1,BACK,STANDING,1.0
659,-1,BACK,STANDING,1.0
660,-1,BACK,STANDING,1.0
661,-1,BACK,STANDING,1.0
662,-1,BACK,STANDING,1.0
663,-1,BACK,STANDING,1.0
664,-1,BACK,STANDING,1.0
665,-1,BACK,STANDING,1.0
666,-1,BACK,STANDING,1.0
667,-1,BACK,STANDING,1.0
668,-1,BACK,STANDING,1.0
669,-1,BACK,STANDING,1.0
670,-1,BACK,STANDING,1.0
671,-1,BACK,STANDING,1.0
672,-1,BACK,STANDING,1.0
673,-1,BACK,STANDING,1.0
674,-1,BACK,STANDING,1.0
675,-1,BACK,STANDING,1.0
676,-1,BACK,STANDING,1.0
677,-1,BACK,STANDING,1.0
678,-1,BACK,STANDING,1.0
679,-1,BACK,STANDING,1.0
680,-1,BACK,STANDING,1.0
681,-1,BACK,STANDING,1.0
682,-1,BACK,STANDING,1.0
683,-1,BACK,STANDING,1.0
684,-1,BACK,STANDING,1.0
685,-1,BACK,STANDING,1.0
686,-1,BACK,STANDING,1.0
687,-1,BACK,STANDING,1.0
688,-1,BACK,STANDING,1.0
689,-1,BACK,STANDING,1.0
690,-1,BACK,STANDING,1.0
691,-1,BACK,STANDING,1.0
692,-1,BACK,STANDING,1.0
693,-1,BACK,STANDING,1.0
694,-1,BACK,STANDING,1.0
695,-1,BACK,STANDING,1.0
696,-1,BACK,STANDING,1.0
697,-1,BACK,STANDING,1.0
698,-1,BACK,STANDING,1.0
699,-1,BACK,SITTING,1.0
700,-1,BACK,SITTING,1.0
701,-1,BACK,STANDING,1.0
702,-1,BACK,STANDING,1.0
703,-1,BACK,STANDING,1.0
704,-1,BACK,STANDING,1.0
705,-1,BACK,SITTING,1.0
706,-1,BACK,SITTING,1.0
707,-1,BACK,SITTING,1.0
708,-1,BACK,SITTING,1.0
709,-1,BACK,SITTING,1.0
710,-1,BACK,SITTING,1.0
711,-1,BACK,SITTING,1.0
712,-1,BACK,SITTING,1.0
713,-1,BACK,SITTING,1.0
714,-1,BACK,STANDING,1.0
715,-1,BACK,STANDING,1.0
716,-1,BACK,STANDING,1.0
717,-1,BACK,STANDING,1.0
718,-1,BACK,STANDING,1.0
719,-1,BACK,STANDING,1.0
720,-1,BACK,STANDING,1.0
721,-1,BACK,STANDING,1.0
722,-1,BACK,STANDING,1.0
723,-1,BACK,STANDING,1.0
724,-1,BACK,STANDING,1.0
725,-1,BACK,STANDING,1.0
726,-1,BACK,STANDING,1.0
727,-1,BACK,STANDING,1.0
728,-1,BACK,STANDING,1.0
729,-1,BACK,STANDING,1.0
730,-1,BACK,STANDING,1.0
731,-1,BACK,STANDING,1.0
732,-1,BACK,STANDING,1.0
733,-1,BACK,STANDING,1.0
734,-1,BACK,STANDING,1.0
735,-1,BACK,STANDING,1.0
736,-1,BACK,STANDING,1.0
737,-1,BACK,STANDING,1.0
738,-1,BACK,STANDING,1.0
739,-1,BACK,STANDING,1.0
740,-1,BACK,STANDING,1.0
741,-1,BACK,STANDING,1.0
742,-1,BACK,STANDING,1.0
743,-1,BACK,STANDING,1.0
744,-1,BACK,STANDING,1.0
745,-1,BACK,STANDING,1.0
746,-1,BACK,STANDING,1.0
747,-1,BACK,STANDING,1.0
748,-1,BACK,STANDING,1.0
749,-1,BACK,STANDING,1.0
750,-1,BACK,STANDING,1.0
751,-1,BACK,STANDING,1.0
752,-1,BACK,STANDING,1.0
753,-1,BACK,STANDING,1.0
754,-1,BACK,STANDING,1.0
755,-1,BACK,STANDING,1.0
756,-1,BACK,STANDING,1.0
757,-1,BACK,STANDING,1.0
758,-1,BACK,STANDING,1.0
759,-1,BACK,STANDING,1.0
760,-1,BACK,STANDING,1.0
761,-1,BACK,STANDING,1.0
762,-1,BACK,STANDING,1.0
763,-1,BACK,STANDING,1.0
764,-1,BACK,STANDING,1.0
765,-1,BACK,STANDING,1.0
766,-1,BACK,STANDING,1.0
767,-1,BACK,STANDING,1.0
768,-1,BACK,STANDING,1.0
769,-1,BACK,STANDING,1.0
770,-1,BACK,STANDING,1.0
771,-1,BACK,STANDING,1.0
772,-1,BACK,STANDING,1.0
773,-1,BACK,STANDING,1.0
774,-1,BACK,STANDING,1.0
775,-1,BACK,STANDING,1.0
776,-1,BACK,STANDING,1.0
777,-1,BACK,STANDING,1.0
778,-1,BACK,STANDING,1.0
779,-1,BACK,STANDING,1.0
780,-1,BACK,STANDING,1.0
781,-1,BACK,STANDING,1.0
782,-1,BACK,STANDING,1.0
783,-1,BACK,STANDING,1.0
784,-1,BACK,STANDING,1.0
785,-1,BACK,STANDING,1.0
786,-1,BACK,STANDING,1.0
787,-1,BACK,STANDING,1.0
788,-1,BACK,STANDING,1.0
789,-1,BACK,STANDING,1.0
790,-1,BACK,STANDING,1.0
791,-1,BACK,STANDING,1.0
792,-1,BACK,STANDING,1.0
793,-1,BACK,STANDING,1.0
794,-1,BACK,STANDING,1.0
795,-1,BACK,STANDING,1.0
796,-1,BACK,STANDING,1.0
797,-1,BACK,STANDING,1.0
798,-1,BACK,STANDING,1.0
799,-1,BACK,SITTING,1.0
800,-1,BACK,SITTING,1.0
801,-1,BACK,SITTING,1.0
802,-1,BACK,SITTING,1.0
803,-1,BACK,STANDING,1.0
804,-1,BACK,SITTING,1.0
805,-1,BACK,STANDING,1.0
806,-1,BACK,SITTING,1.0
807,-1,BACK,SITTING,1.0
808,-1,BACK,STANDING,1.0
809,-1,BACK,STANDING,1.0
810,-1,BACK,SITTING,1.0
811,-1,BACK,STANDING,1.0
812,-1,BACK,SITTING,1.0
813,-1,BACK,STANDING,1.0
814,-1,BACK,SITTING,1.0
815,-1,BACK,STANDING,1.0
816,-1,BACK,SITTING,1.0
817,-1,BACK,STANDING,1.0
818,-1,BACK,STANDING,1.0
819,-1,BACK,STANDING,1.0
820,-1,BACK,STANDING,1.0
821,-1,BACK,STANDING,1.0
822,-1,BACK,STANDING,1.0
823,-1,BACK,STANDING,1.0
824,-1,BACK,STANDING,1.0
825,-1,BACK,STANDING,1.0
826,-1,BACK,STANDING,1.0
827,-1,BACK,STANDING,1.0
828,-1,BACK,SITTING,1.0
829,-1,BACK,STANDING,1.0
830,-1,BACK,SITTING,1.0
831,-1,BACK,SITTING,1.0
832,-1,BACK,SITTING,1.0
833,-1,BACK,SITTING,1.0
834,-1,BACK,SITTING,1.0
835,-1,BACK,STANDING,1.0
836,-1,BACK,SITTING,1.0
837,-1,BACK,SITTING,1.0
838,-1,BACK,STANDING,1.0
839,-1,BACK,STANDING,1.0
840,-1,BACK,STANDING,1.0
841,-1,BACK,STANDING,1.0
842,-1,BACK,SITTING,1.0
843,-1,BACK,STANDING,1.0
844,-1,BACK,SITTING,1.0
845,-1,BACK,SITTING,1.0
846,-1,BACK,SITTING,1.0
847,-1,BACK,SITTING,1.0
848,-1,BACK,SITTING,1.0
849,-1,BACK,SITTING,1.0
850,-1,BACK,SITTING,1.0
851,-1,BACK,SITTING,1.0
852,-1,BACK,STANDING,1.0
853,-1,BACK,SITTING,1.0
854,-1,BACK,SITTING,1.0
855,-1,BACK,SITTING,1.0
856,-1,BACK,STANDING,1.0
857,-1,BACK,STANDING,1.0
858,-1,BACK,STANDING,1.0
859,-1,BACK,STANDING,1.0
860,-1,BACK,STANDING,1.0
861,-1,BACK,STANDING,1.0
862,-1,BACK,STANDING,1.0
863,-1,BACK,STANDING,1.0
864,-1,BACK,SITTING,1.0
865,-1,BACK,STANDING,1.0
866,-1,BACK,STANDING,1.0
867,-1,BACK,STANDING,1.0
868,-1,BACK,STANDING,1.0
869,-1,BACK,STANDING,1.0
870,-1,BACK,STANDING,1.0
871,-1,BACK,STANDING,1.0
872,-1,BACK,STANDING,1.0
873,-1,BACK,STANDING,1.0
874,-1,BACK,STANDING,1.0
875,-1,BACK,SITTING,1.0
876,-1,BACK,SITTING,1.0
877,-1,BACK,SITTING,1.0
878,-1,BACK,STANDING,1.0
879,-1,BACK,STANDING,1.0
880,-1,BACK,STANDING,1.0
881,-1,BACK,STANDING,1.0
882,-1,BACK,SITTING,1.0
883,-1,BACK,SITTING,1.0
884,-1,BACK,SITTING,1.0
885,-1,BACK,SITTING,1.0
886,-1,BACK,STANDING,1.0
887,-1,BACK,STANDING,1.0
888,-1,BACK,STANDING,1.0
889,-1,BACK,SITTING,1.0
890,-1,BACK,SITTING,1.0
891,-1,BACK,SITTING,1.0
892,-1,BACK,SITTING,1.0
893,-1,BACK,SITTING,1.0
894,-1,BACK,SITTING,1.0
895,-1,BACK,STANDING,1.0
896,-1,BACK,STANDING,1.0
897,-1,BACK,STANDING,1.0
898,-1,BACK,SITTING,1.0
899,-1,BACK,SITTING,1.0
900,-1,BACK,SITTING,1.0
901,-1,BACK,SITTING,1.0
902,-1,BACK,SITTING,1.0
903,-1,BACK,SITTING,1.0
904,-1,BACK,STANDING,1.0
905,-1,BACK,STANDING,1.0
906,-1,BACK,STANDING,1.0
907,-1,BACK,STANDING,1.0
908,-1,BACK,STANDING,1.0
909,-1,BACK,STANDING,1.0
910,-1,BACK,STANDING,1.0
911,-1,BACK,STANDING,1.0
912,-1,BACK,STANDING,1.0
913,-1,BACK,STANDING,1.0
914,-1,BACK,STANDING,1.0
915,-1,BACK,STANDING,1.0
916,-1,BACK,SITTING,1.0
917,-1,BACK,SITTING,1.0
918,-1,BACK,SITTING,1.0
919,-1,BACK,STANDING,1.0
920,-1,BACK,STANDING,1.0
921,-1,BACK,STANDING,1.0
922,-1,BACK,STANDING,1.0
923,-1,BACK,STANDING,1.0
924,-1,BACK,STANDING,1.0
925,-1,BACK,STANDING,1.0
926,-1,BACK,STANDING,1.0
927,-1,BACK,STANDING,1.0
928,-1,BACK,STANDING,1.0
929,-1,BACK,STANDING,1.0
930,-1,BACK,STANDING,1.0
